<assembly xmlns="http://maven.apache.org/plugins/maven-assembly-plugin/assembly/1.1.0"
          xmlns:xsi="http://www.w3.org/2001/XMLSchema-instance"
          xsi:schemaLocation="http://maven.apache.org/plugins/maven-assembly-plugin/assembly/1.1.0 http://maven.apache.org/xsd/assembly-1.1.0.xsd">
    <id>static</id>
    <baseDirectory>/</baseDirectory>
    <formats>
        <format>tar.gz</format>
    </formats>
    <fileSets>
        <fileSet>
            <directory>${build.outputDirectory}</directory>
            <outputDirectory>/</outputDirectory>
            <includes>
                <include>**/*.js</include>
                <include>**/*.html</include>
                <include>resources/*</include>
            </includes>
        </fileSet>
    </fileSets>
</assembly>