{
  "tags"      : {
    "allowUnknownTags" : true
  },
  "plugins"   : ["plugins/markdown", "plugins/experimental"],

  "templates" : {
    "cleverLinks"           : false,
    "monospaceLinks"        : false,
    "dateFormat"            : "ddd MMM Do YYYY",
    "outputSourceFiles"     : false,
    "outputSourcePath"      : true,
    "systemName"            : "Wix JS SDK",
    "copyright"             : "Wix.com Copyright © 2016.",
    "navType"               : "vertical",
    "theme"                 : "spacelab",
    "linenums"              : true,
    "collapseSymbols"       : false,
    "inverseNav"            : true,
    "highlightTutorialCode" : true,
    "protocol": "fred://"
  },
  "markdown"  : {
    "parser"   : "gfm",
    "hardwrap" : true
  }
}