{
  "tags": {
    "allowUnknownTags": true
  },
  "source": {
    "include": ["./js/modules/"],
    "includePattern": ".+\\.js(doc)?$",
    "excludePattern": "(^|\\/|\\\\)_"
  },
  "plugins": [
    "jsdoc/assets/plugins/sdkTags",
    "jsdoc/assets/plugins/wixcode"
  ],
  "opts": {
    "lenient": false
  },
  "templates": {
    "snippetsDir": "examples",
    "migrateExamples": false,
    "fullSignatures": false,
    "apiTitle" : "Wix JS SDK",
    "readme" : "README.md",
    "tern": {
      "name": "wix",
      "url": "http://localhost:63342/js-sdk/jsdoc/wixdocs/"
    },
    "appendices" : false
  }
}